<?GOLDParserTables version="5.0"?>
<Tables>
        <Properties>
                <Property Index="0" Name="Name" Value="(Untitled)"/>
                <Property Index="1" Name="Author" Value="(Unknown)"/>
                <Property Index="2" Name="Version" Value="(Not Specified)"/>
                <Property Index="3" Name="About" Value=""/>
                <Property Index="4" Name="Character Set" Value="Unicode"/>
                <Property Index="5" Name="Character Mapping" Value="Windows-1252"/>
                <Property Index="6" Name="Generated By" Value="GOLD Parser Builder 5.2.0."/>
                <Property Index="7" Name="Generated Date" Value="2018-11-26 20:36"/>
        </Properties>
        <m_Symbol Count="30">
                <Symbol Index="0" Name="EOF" Type="3"/>
                <Symbol Index="1" Name="erro" Type="7"/>
                <Symbol Index="2" Name="Whitespace" Type="2"/>
                <Symbol Index="3" Name="-" Type="1"/>
                <Symbol Index="4" Name="!=" Type="1"/>
                <Symbol Index="5" Name="&amp;" Type="1"/>
                <Symbol Index="6" Name="*" Type="1"/>
                <Symbol Index="7" Name="{" Type="1"/>
                <Symbol Index="8" Name="|" Type="1"/>
                <Symbol Index="9" Name="}" Type="1"/>
                <Symbol Index="10" Name="+" Type="1"/>
                <Symbol Index="11" Name="=" Type="1"/>
                <Symbol Index="12" Name="&gt;" Type="1"/>
                <Symbol Index="13" Name="char" Type="1"/>
                <Symbol Index="14" Name="num" Type="1"/>
                <Symbol Index="15" Name="else" Type="1"/>
                <Symbol Index="16" Name="==" Type="1"/>
                <Symbol Index="17" Name="float" Type="1"/>
                <Symbol Index="18" Name="id" Type="1"/>
                <Symbol Index="19" Name="if" Type="1"/>
                <Symbol Index="20" Name="int" Type="1"/>
                <Symbol Index="21" Name="ATT" Type="0"/>
                <Symbol Index="22" Name="COMP" Type="0"/>
                <Symbol Index="23" Name="CONT" Type="0"/>
                <Symbol Index="24" Name="ELSE" Type="0"/>
                <Symbol Index="25" Name="OP" Type="0"/>
                <Symbol Index="26" Name="OPLOG" Type="0"/>
                <Symbol Index="27" Name="OPMAT" Type="0"/>
                <Symbol Index="28" Name="S" Type="0"/>
                <Symbol Index="29" Name="TYPE" Type="0"/>
        </m_Symbol>
        <m_Group Count="0">
        </m_Group>
        <m_Production Count="27">
                <Production Index="0" NonTerminalIndex="28" SymbolCount="3">
                        <ProductionSymbol SymbolIndex="29"/>
                        <ProductionSymbol SymbolIndex="18"/>
                        <ProductionSymbol SymbolIndex="28"/>
                </Production>
                <Production Index="1" NonTerminalIndex="28" SymbolCount="7">
                        <ProductionSymbol SymbolIndex="19"/>
                        <ProductionSymbol SymbolIndex="26"/>
                        <ProductionSymbol SymbolIndex="7"/>
                        <ProductionSymbol SymbolIndex="23"/>
                        <ProductionSymbol SymbolIndex="9"/>
                        <ProductionSymbol SymbolIndex="24"/>
                        <ProductionSymbol SymbolIndex="28"/>
                </Production>
                <Production Index="2" NonTerminalIndex="28" SymbolCount="2">
                        <ProductionSymbol SymbolIndex="21"/>
                        <ProductionSymbol SymbolIndex="28"/>
                </Production>
                <Production Index="3" NonTerminalIndex="28" SymbolCount="0">
                </Production>
                <Production Index="4" NonTerminalIndex="29" SymbolCount="1">
                        <ProductionSymbol SymbolIndex="20"/>
                </Production>
                <Production Index="5" NonTerminalIndex="29" SymbolCount="1">
                        <ProductionSymbol SymbolIndex="17"/>
                </Production>
                <Production Index="6" NonTerminalIndex="29" SymbolCount="1">
                        <ProductionSymbol SymbolIndex="13"/>
                </Production>
                <Production Index="7" NonTerminalIndex="24" SymbolCount="4">
                        <ProductionSymbol SymbolIndex="15"/>
                        <ProductionSymbol SymbolIndex="7"/>
                        <ProductionSymbol SymbolIndex="23"/>
                        <ProductionSymbol SymbolIndex="9"/>
                </Production>
                <Production Index="8" NonTerminalIndex="24" SymbolCount="0">
                </Production>
                <Production Index="9" NonTerminalIndex="23" SymbolCount="2">
                        <ProductionSymbol SymbolIndex="21"/>
                        <ProductionSymbol SymbolIndex="28"/>
                </Production>
                <Production Index="10" NonTerminalIndex="23" SymbolCount="3">
                        <ProductionSymbol SymbolIndex="29"/>
                        <ProductionSymbol SymbolIndex="18"/>
                        <ProductionSymbol SymbolIndex="28"/>
                </Production>
                <Production Index="11" NonTerminalIndex="23" SymbolCount="2">
                        <ProductionSymbol SymbolIndex="27"/>
                        <ProductionSymbol SymbolIndex="28"/>
                </Production>
                <Production Index="12" NonTerminalIndex="23" SymbolCount="6">
                        <ProductionSymbol SymbolIndex="19"/>
                        <ProductionSymbol SymbolIndex="26"/>
                        <ProductionSymbol SymbolIndex="7"/>
                        <ProductionSymbol SymbolIndex="23"/>
                        <ProductionSymbol SymbolIndex="9"/>
                        <ProductionSymbol SymbolIndex="28"/>
                </Production>
                <Production Index="13" NonTerminalIndex="21" SymbolCount="3">
                        <ProductionSymbol SymbolIndex="18"/>
                        <ProductionSymbol SymbolIndex="11"/>
                        <ProductionSymbol SymbolIndex="25"/>
                </Production>
                <Production Index="14" NonTerminalIndex="25" SymbolCount="1">
                        <ProductionSymbol SymbolIndex="14"/>
                </Production>
                <Production Index="15" NonTerminalIndex="25" SymbolCount="1">
                        <ProductionSymbol SymbolIndex="18"/>
                </Production>
                <Production Index="16" NonTerminalIndex="25" SymbolCount="1">
                        <ProductionSymbol SymbolIndex="27"/>
                </Production>
                <Production Index="17" NonTerminalIndex="27" SymbolCount="3">
                        <ProductionSymbol SymbolIndex="18"/>
                        <ProductionSymbol SymbolIndex="10"/>
                        <ProductionSymbol SymbolIndex="25"/>
                </Production>
                <Production Index="18" NonTerminalIndex="27" SymbolCount="3">
                        <ProductionSymbol SymbolIndex="18"/>
                        <ProductionSymbol SymbolIndex="3"/>
                        <ProductionSymbol SymbolIndex="25"/>
                </Production>
                <Production Index="19" NonTerminalIndex="27" SymbolCount="3">
                        <ProductionSymbol SymbolIndex="18"/>
                        <ProductionSymbol SymbolIndex="6"/>
                        <ProductionSymbol SymbolIndex="25"/>
                </Production>
                <Production Index="20" NonTerminalIndex="27" SymbolCount="0">
                </Production>
                <Production Index="21" NonTerminalIndex="26" SymbolCount="3">
                        <ProductionSymbol SymbolIndex="22"/>
                        <ProductionSymbol SymbolIndex="5"/>
                        <ProductionSymbol SymbolIndex="22"/>
                </Production>
                <Production Index="22" NonTerminalIndex="26" SymbolCount="3">
                        <ProductionSymbol SymbolIndex="22"/>
                        <ProductionSymbol SymbolIndex="8"/>
                        <ProductionSymbol SymbolIndex="22"/>
                </Production>
                <Production Index="23" NonTerminalIndex="26" SymbolCount="1">
                        <ProductionSymbol SymbolIndex="22"/>
                </Production>
                <Production Index="24" NonTerminalIndex="22" SymbolCount="3">
                        <ProductionSymbol SymbolIndex="25"/>
                        <ProductionSymbol SymbolIndex="12"/>
                        <ProductionSymbol SymbolIndex="25"/>
                </Production>
                <Production Index="25" NonTerminalIndex="22" SymbolCount="3">
                        <ProductionSymbol SymbolIndex="25"/>
                        <ProductionSymbol SymbolIndex="16"/>
                        <ProductionSymbol SymbolIndex="25"/>
                </Production>
                <Production Index="26" NonTerminalIndex="22" SymbolCount="3">
                        <ProductionSymbol SymbolIndex="25"/>
                        <ProductionSymbol SymbolIndex="4"/>
                        <ProductionSymbol SymbolIndex="25"/>
                </Production>
        </m_Production>
        <m_CharSet Count="37">
                <CharSet Index="0" Count="27">
                        <Char UnicodeIndex="9"/>
                        <Char UnicodeIndex="10"/>
                        <Char UnicodeIndex="11"/>
                        <Char UnicodeIndex="12"/>
                        <Char UnicodeIndex="13"/>
                        <Char UnicodeIndex="32"/>
                        <Char UnicodeIndex="133"/>
                        <Char UnicodeIndex="160"/>
                        <Char UnicodeIndex="5760"/>
                        <Char UnicodeIndex="6158"/>
                        <Char UnicodeIndex="8192"/>
                        <Char UnicodeIndex="8193"/>
                        <Char UnicodeIndex="8194"/>
                        <Char UnicodeIndex="8195"/>
                        <Char UnicodeIndex="8196"/>
                        <Char UnicodeIndex="8197"/>
                        <Char UnicodeIndex="8198"/>
                        <Char UnicodeIndex="8199"/>
                        <Char UnicodeIndex="8200"/>
                        <Char UnicodeIndex="8201"/>
                        <Char UnicodeIndex="8202"/>
                        <Char UnicodeIndex="8230"/>
                        <Char UnicodeIndex="8232"/>
                        <Char UnicodeIndex="8233"/>
                        <Char UnicodeIndex="8239"/>
                        <Char UnicodeIndex="8287"/>
                        <Char UnicodeIndex="12288"/>
                </CharSet>
                <CharSet Index="1" Count="1">
                        <Char UnicodeIndex="45"/>
                </CharSet>
                <CharSet Index="2" Count="1">
                        <Char UnicodeIndex="33"/>
                </CharSet>
                <CharSet Index="3" Count="1">
                        <Char UnicodeIndex="38"/>
                </CharSet>
                <CharSet Index="4" Count="1">
                        <Char UnicodeIndex="42"/>
                </CharSet>
                <CharSet Index="5" Count="1">
                        <Char UnicodeIndex="123"/>
                </CharSet>
                <CharSet Index="6" Count="1">
                        <Char UnicodeIndex="124"/>
                </CharSet>
                <CharSet Index="7" Count="1">
                        <Char UnicodeIndex="125"/>
                </CharSet>
                <CharSet Index="8" Count="1">
                        <Char UnicodeIndex="43"/>
                </CharSet>
                <CharSet Index="9" Count="1">
                        <Char UnicodeIndex="61"/>
                </CharSet>
                <CharSet Index="10" Count="1">
                        <Char UnicodeIndex="62"/>
                </CharSet>
                <CharSet Index="11" Count="10">
                        <Char UnicodeIndex="48"/>
                        <Char UnicodeIndex="49"/>
                        <Char UnicodeIndex="50"/>
                        <Char UnicodeIndex="51"/>
                        <Char UnicodeIndex="52"/>
                        <Char UnicodeIndex="53"/>
                        <Char UnicodeIndex="54"/>
                        <Char UnicodeIndex="55"/>
                        <Char UnicodeIndex="56"/>
                        <Char UnicodeIndex="57"/>
                </CharSet>
                <CharSet Index="12" Count="44">
                        <Char UnicodeIndex="65"/>
                        <Char UnicodeIndex="66"/>
                        <Char UnicodeIndex="68"/>
                        <Char UnicodeIndex="71"/>
                        <Char UnicodeIndex="72"/>
                        <Char UnicodeIndex="74"/>
                        <Char UnicodeIndex="75"/>
                        <Char UnicodeIndex="76"/>
                        <Char UnicodeIndex="77"/>
                        <Char UnicodeIndex="78"/>
                        <Char UnicodeIndex="79"/>
                        <Char UnicodeIndex="80"/>
                        <Char UnicodeIndex="81"/>
                        <Char UnicodeIndex="82"/>
                        <Char UnicodeIndex="83"/>
                        <Char UnicodeIndex="84"/>
                        <Char UnicodeIndex="85"/>
                        <Char UnicodeIndex="86"/>
                        <Char UnicodeIndex="87"/>
                        <Char UnicodeIndex="88"/>
                        <Char UnicodeIndex="89"/>
                        <Char UnicodeIndex="90"/>
                        <Char UnicodeIndex="97"/>
                        <Char UnicodeIndex="98"/>
                        <Char UnicodeIndex="100"/>
                        <Char UnicodeIndex="103"/>
                        <Char UnicodeIndex="104"/>
                        <Char UnicodeIndex="106"/>
                        <Char UnicodeIndex="107"/>
                        <Char UnicodeIndex="108"/>
                        <Char UnicodeIndex="109"/>
                        <Char UnicodeIndex="110"/>
                        <Char UnicodeIndex="111"/>
                        <Char UnicodeIndex="112"/>
                        <Char UnicodeIndex="113"/>
                        <Char UnicodeIndex="114"/>
                        <Char UnicodeIndex="115"/>
                        <Char UnicodeIndex="116"/>
                        <Char UnicodeIndex="117"/>
                        <Char UnicodeIndex="118"/>
                        <Char UnicodeIndex="119"/>
                        <Char UnicodeIndex="120"/>
                        <Char UnicodeIndex="121"/>
                        <Char UnicodeIndex="122"/>
                </CharSet>
                <CharSet Index="13" Count="2">
                        <Char UnicodeIndex="67"/>
                        <Char UnicodeIndex="99"/>
                </CharSet>
                <CharSet Index="14" Count="2">
                        <Char UnicodeIndex="69"/>
                        <Char UnicodeIndex="101"/>
                </CharSet>
                <CharSet Index="15" Count="2">
                        <Char UnicodeIndex="70"/>
                        <Char UnicodeIndex="102"/>
                </CharSet>
                <CharSet Index="16" Count="2">
                        <Char UnicodeIndex="73"/>
                        <Char UnicodeIndex="105"/>
                </CharSet>
                <CharSet Index="17" Count="52">
                        <Char UnicodeIndex="65"/>
                        <Char UnicodeIndex="66"/>
                        <Char UnicodeIndex="67"/>
                        <Char UnicodeIndex="68"/>
                        <Char UnicodeIndex="69"/>
                        <Char UnicodeIndex="70"/>
                        <Char UnicodeIndex="71"/>
                        <Char UnicodeIndex="72"/>
                        <Char UnicodeIndex="73"/>
                        <Char UnicodeIndex="74"/>
                        <Char UnicodeIndex="75"/>
                        <Char UnicodeIndex="76"/>
                        <Char UnicodeIndex="77"/>
                        <Char UnicodeIndex="78"/>
                        <Char UnicodeIndex="79"/>
                        <Char UnicodeIndex="80"/>
                        <Char UnicodeIndex="81"/>
                        <Char UnicodeIndex="82"/>
                        <Char UnicodeIndex="83"/>
                        <Char UnicodeIndex="84"/>
                        <Char UnicodeIndex="85"/>
                        <Char UnicodeIndex="86"/>
                        <Char UnicodeIndex="87"/>
                        <Char UnicodeIndex="88"/>
                        <Char UnicodeIndex="89"/>
                        <Char UnicodeIndex="90"/>
                        <Char UnicodeIndex="97"/>
                        <Char UnicodeIndex="98"/>
                        <Char UnicodeIndex="99"/>
                        <Char UnicodeIndex="100"/>
                        <Char UnicodeIndex="101"/>
                        <Char UnicodeIndex="102"/>
                        <Char UnicodeIndex="103"/>
                        <Char UnicodeIndex="104"/>
                        <Char UnicodeIndex="105"/>
                        <Char UnicodeIndex="106"/>
                        <Char UnicodeIndex="107"/>
                        <Char UnicodeIndex="108"/>
                        <Char UnicodeIndex="109"/>
                        <Char UnicodeIndex="110"/>
                        <Char UnicodeIndex="111"/>
                        <Char UnicodeIndex="112"/>
                        <Char UnicodeIndex="113"/>
                        <Char UnicodeIndex="114"/>
                        <Char UnicodeIndex="115"/>
                        <Char UnicodeIndex="116"/>
                        <Char UnicodeIndex="117"/>
                        <Char UnicodeIndex="118"/>
                        <Char UnicodeIndex="119"/>
                        <Char UnicodeIndex="120"/>
                        <Char UnicodeIndex="121"/>
                        <Char UnicodeIndex="122"/>
                </CharSet>
                <CharSet Index="18" Count="50">
                        <Char UnicodeIndex="65"/>
                        <Char UnicodeIndex="66"/>
                        <Char UnicodeIndex="67"/>
                        <Char UnicodeIndex="68"/>
                        <Char UnicodeIndex="69"/>
                        <Char UnicodeIndex="70"/>
                        <Char UnicodeIndex="71"/>
                        <Char UnicodeIndex="73"/>
                        <Char UnicodeIndex="74"/>
                        <Char UnicodeIndex="75"/>
                        <Char UnicodeIndex="76"/>
                        <Char UnicodeIndex="77"/>
                        <Char UnicodeIndex="78"/>
                        <Char UnicodeIndex="79"/>
                        <Char UnicodeIndex="80"/>
                        <Char UnicodeIndex="81"/>
                        <Char UnicodeIndex="82"/>
                        <Char UnicodeIndex="83"/>
                        <Char UnicodeIndex="84"/>
                        <Char UnicodeIndex="85"/>
                        <Char UnicodeIndex="86"/>
                        <Char UnicodeIndex="87"/>
                        <Char UnicodeIndex="88"/>
                        <Char UnicodeIndex="89"/>
                        <Char UnicodeIndex="90"/>
                        <Char UnicodeIndex="97"/>
                        <Char UnicodeIndex="98"/>
                        <Char UnicodeIndex="99"/>
                        <Char UnicodeIndex="100"/>
                        <Char UnicodeIndex="101"/>
                        <Char UnicodeIndex="102"/>
                        <Char UnicodeIndex="103"/>
                        <Char UnicodeIndex="105"/>
                        <Char UnicodeIndex="106"/>
                        <Char UnicodeIndex="107"/>
                        <Char UnicodeIndex="108"/>
                        <Char UnicodeIndex="109"/>
                        <Char UnicodeIndex="110"/>
                        <Char UnicodeIndex="111"/>
                        <Char UnicodeIndex="112"/>
                        <Char UnicodeIndex="113"/>
                        <Char UnicodeIndex="114"/>
                        <Char UnicodeIndex="115"/>
                        <Char UnicodeIndex="116"/>
                        <Char UnicodeIndex="117"/>
                        <Char UnicodeIndex="118"/>
                        <Char UnicodeIndex="119"/>
                        <Char UnicodeIndex="120"/>
                        <Char UnicodeIndex="121"/>
                        <Char UnicodeIndex="122"/>
                </CharSet>
                <CharSet Index="19" Count="2">
                        <Char UnicodeIndex="72"/>
                        <Char UnicodeIndex="104"/>
                </CharSet>
                <CharSet Index="20" Count="50">
                        <Char UnicodeIndex="66"/>
                        <Char UnicodeIndex="67"/>
                        <Char UnicodeIndex="68"/>
                        <Char UnicodeIndex="69"/>
                        <Char UnicodeIndex="70"/>
                        <Char UnicodeIndex="71"/>
                        <Char UnicodeIndex="72"/>
                        <Char UnicodeIndex="73"/>
                        <Char UnicodeIndex="74"/>
                        <Char UnicodeIndex="75"/>
                        <Char UnicodeIndex="76"/>
                        <Char UnicodeIndex="77"/>
                        <Char UnicodeIndex="78"/>
                        <Char UnicodeIndex="79"/>
                        <Char UnicodeIndex="80"/>
                        <Char UnicodeIndex="81"/>
                        <Char UnicodeIndex="82"/>
                        <Char UnicodeIndex="83"/>
                        <Char UnicodeIndex="84"/>
                        <Char UnicodeIndex="85"/>
                        <Char UnicodeIndex="86"/>
                        <Char UnicodeIndex="87"/>
                        <Char UnicodeIndex="88"/>
                        <Char UnicodeIndex="89"/>
                        <Char UnicodeIndex="90"/>
                        <Char UnicodeIndex="98"/>
                        <Char UnicodeIndex="99"/>
                        <Char UnicodeIndex="100"/>
                        <Char UnicodeIndex="101"/>
                        <Char UnicodeIndex="102"/>
                        <Char UnicodeIndex="103"/>
                        <Char UnicodeIndex="104"/>
                        <Char UnicodeIndex="105"/>
                        <Char UnicodeIndex="106"/>
                        <Char UnicodeIndex="107"/>
                        <Char UnicodeIndex="108"/>
                        <Char UnicodeIndex="109"/>
                        <Char UnicodeIndex="110"/>
                        <Char UnicodeIndex="111"/>
                        <Char UnicodeIndex="112"/>
                        <Char UnicodeIndex="113"/>
                        <Char UnicodeIndex="114"/>
                        <Char UnicodeIndex="115"/>
                        <Char UnicodeIndex="116"/>
                        <Char UnicodeIndex="117"/>
                        <Char UnicodeIndex="118"/>
                        <Char UnicodeIndex="119"/>
                        <Char UnicodeIndex="120"/>
                        <Char UnicodeIndex="121"/>
                        <Char UnicodeIndex="122"/>
                </CharSet>
                <CharSet Index="21" Count="2">
                        <Char UnicodeIndex="65"/>
                        <Char UnicodeIndex="97"/>
                </CharSet>
                <CharSet Index="22" Count="50">
                        <Char UnicodeIndex="65"/>
                        <Char UnicodeIndex="66"/>
                        <Char UnicodeIndex="67"/>
                        <Char UnicodeIndex="68"/>
                        <Char UnicodeIndex="69"/>
                        <Char UnicodeIndex="70"/>
                        <Char UnicodeIndex="71"/>
                        <Char UnicodeIndex="72"/>
                        <Char UnicodeIndex="73"/>
                        <Char UnicodeIndex="74"/>
                        <Char UnicodeIndex="75"/>
                        <Char UnicodeIndex="76"/>
                        <Char UnicodeIndex="77"/>
                        <Char UnicodeIndex="78"/>
                        <Char UnicodeIndex="79"/>
                        <Char UnicodeIndex="80"/>
                        <Char UnicodeIndex="81"/>
                        <Char UnicodeIndex="83"/>
                        <Char UnicodeIndex="84"/>
                        <Char UnicodeIndex="85"/>
                        <Char UnicodeIndex="86"/>
                        <Char UnicodeIndex="87"/>
                        <Char UnicodeIndex="88"/>
                        <Char UnicodeIndex="89"/>
                        <Char UnicodeIndex="90"/>
                        <Char UnicodeIndex="97"/>
                        <Char UnicodeIndex="98"/>
                        <Char UnicodeIndex="99"/>
                        <Char UnicodeIndex="100"/>
                        <Char UnicodeIndex="101"/>
                        <Char UnicodeIndex="102"/>
                        <Char UnicodeIndex="103"/>
                        <Char UnicodeIndex="104"/>
                        <Char UnicodeIndex="105"/>
                        <Char UnicodeIndex="106"/>
                        <Char UnicodeIndex="107"/>
                        <Char UnicodeIndex="108"/>
                        <Char UnicodeIndex="109"/>
                        <Char UnicodeIndex="110"/>
                        <Char UnicodeIndex="111"/>
                        <Char UnicodeIndex="112"/>
                        <Char UnicodeIndex="113"/>
                        <Char UnicodeIndex="115"/>
                        <Char UnicodeIndex="116"/>
                        <Char UnicodeIndex="117"/>
                        <Char UnicodeIndex="118"/>
                        <Char UnicodeIndex="119"/>
                        <Char UnicodeIndex="120"/>
                        <Char UnicodeIndex="121"/>
                        <Char UnicodeIndex="122"/>
                </CharSet>
                <CharSet Index="23" Count="2">
                        <Char UnicodeIndex="82"/>
                        <Char UnicodeIndex="114"/>
                </CharSet>
                <CharSet Index="24" Count="48">
                        <Char UnicodeIndex="65"/>
                        <Char UnicodeIndex="66"/>
                        <Char UnicodeIndex="67"/>
                        <Char UnicodeIndex="68"/>
                        <Char UnicodeIndex="69"/>
                        <Char UnicodeIndex="70"/>
                        <Char UnicodeIndex="71"/>
                        <Char UnicodeIndex="72"/>
                        <Char UnicodeIndex="73"/>
                        <Char UnicodeIndex="74"/>
                        <Char UnicodeIndex="75"/>
                        <Char UnicodeIndex="77"/>
                        <Char UnicodeIndex="78"/>
                        <Char UnicodeIndex="79"/>
                        <Char UnicodeIndex="80"/>
                        <Char UnicodeIndex="82"/>
                        <Char UnicodeIndex="83"/>
                        <Char UnicodeIndex="84"/>
                        <Char UnicodeIndex="85"/>
                        <Char UnicodeIndex="86"/>
                        <Char UnicodeIndex="87"/>
                        <Char UnicodeIndex="88"/>
                        <Char UnicodeIndex="89"/>
                        <Char UnicodeIndex="90"/>
                        <Char UnicodeIndex="97"/>
                        <Char UnicodeIndex="98"/>
                        <Char UnicodeIndex="99"/>
                        <Char UnicodeIndex="100"/>
                        <Char UnicodeIndex="101"/>
                        <Char UnicodeIndex="102"/>
                        <Char UnicodeIndex="103"/>
                        <Char UnicodeIndex="104"/>
                        <Char UnicodeIndex="105"/>
                        <Char UnicodeIndex="106"/>
                        <Char UnicodeIndex="107"/>
                        <Char UnicodeIndex="109"/>
                        <Char UnicodeIndex="110"/>
                        <Char UnicodeIndex="111"/>
                        <Char UnicodeIndex="112"/>
                        <Char UnicodeIndex="114"/>
                        <Char UnicodeIndex="115"/>
                        <Char UnicodeIndex="116"/>
                        <Char UnicodeIndex="117"/>
                        <Char UnicodeIndex="118"/>
                        <Char UnicodeIndex="119"/>
                        <Char UnicodeIndex="120"/>
                        <Char UnicodeIndex="121"/>
                        <Char UnicodeIndex="122"/>
                </CharSet>
                <CharSet Index="25" Count="2">
                        <Char UnicodeIndex="76"/>
                        <Char UnicodeIndex="108"/>
                </CharSet>
                <CharSet Index="26" Count="2">
                        <Char UnicodeIndex="81"/>
                        <Char UnicodeIndex="113"/>
                </CharSet>
                <CharSet Index="27" Count="50">
                        <Char UnicodeIndex="65"/>
                        <Char UnicodeIndex="66"/>
                        <Char UnicodeIndex="67"/>
                        <Char UnicodeIndex="68"/>
                        <Char UnicodeIndex="69"/>
                        <Char UnicodeIndex="70"/>
                        <Char UnicodeIndex="71"/>
                        <Char UnicodeIndex="72"/>
                        <Char UnicodeIndex="73"/>
                        <Char UnicodeIndex="74"/>
                        <Char UnicodeIndex="75"/>
                        <Char UnicodeIndex="76"/>
                        <Char UnicodeIndex="77"/>
                        <Char UnicodeIndex="78"/>
                        <Char UnicodeIndex="79"/>
                        <Char UnicodeIndex="80"/>
                        <Char UnicodeIndex="81"/>
                        <Char UnicodeIndex="82"/>
                        <Char UnicodeIndex="84"/>
                        <Char UnicodeIndex="85"/>
                        <Char UnicodeIndex="86"/>
                        <Char UnicodeIndex="87"/>
                        <Char UnicodeIndex="88"/>
                        <Char UnicodeIndex="89"/>
                        <Char UnicodeIndex="90"/>
                        <Char UnicodeIndex="97"/>
                        <Char UnicodeIndex="98"/>
                        <Char UnicodeIndex="99"/>
                        <Char UnicodeIndex="100"/>
                        <Char UnicodeIndex="101"/>
                        <Char UnicodeIndex="102"/>
                        <Char UnicodeIndex="103"/>
                        <Char UnicodeIndex="104"/>
                        <Char UnicodeIndex="105"/>
                        <Char UnicodeIndex="106"/>
                        <Char UnicodeIndex="107"/>
                        <Char UnicodeIndex="108"/>
                        <Char UnicodeIndex="109"/>
                        <Char UnicodeIndex="110"/>
                        <Char UnicodeIndex="111"/>
                        <Char UnicodeIndex="112"/>
                        <Char UnicodeIndex="113"/>
                        <Char UnicodeIndex="114"/>
                        <Char UnicodeIndex="116"/>
                        <Char UnicodeIndex="117"/>
                        <Char UnicodeIndex="118"/>
                        <Char UnicodeIndex="119"/>
                        <Char UnicodeIndex="120"/>
                        <Char UnicodeIndex="121"/>
                        <Char UnicodeIndex="122"/>
                </CharSet>
                <CharSet Index="28" Count="2">
                        <Char UnicodeIndex="83"/>
                        <Char UnicodeIndex="115"/>
                </CharSet>
                <CharSet Index="29" Count="50">
                        <Char UnicodeIndex="65"/>
                        <Char UnicodeIndex="66"/>
                        <Char UnicodeIndex="67"/>
                        <Char UnicodeIndex="68"/>
                        <Char UnicodeIndex="70"/>
                        <Char UnicodeIndex="71"/>
                        <Char UnicodeIndex="72"/>
                        <Char UnicodeIndex="73"/>
                        <Char UnicodeIndex="74"/>
                        <Char UnicodeIndex="75"/>
                        <Char UnicodeIndex="76"/>
                        <Char UnicodeIndex="77"/>
                        <Char UnicodeIndex="78"/>
                        <Char UnicodeIndex="79"/>
                        <Char UnicodeIndex="80"/>
                        <Char UnicodeIndex="81"/>
                        <Char UnicodeIndex="82"/>
                        <Char UnicodeIndex="83"/>
                        <Char UnicodeIndex="84"/>
                        <Char UnicodeIndex="85"/>
                        <Char UnicodeIndex="86"/>
                        <Char UnicodeIndex="87"/>
                        <Char UnicodeIndex="88"/>
                        <Char UnicodeIndex="89"/>
                        <Char UnicodeIndex="90"/>
                        <Char UnicodeIndex="97"/>
                        <Char UnicodeIndex="98"/>
                        <Char UnicodeIndex="99"/>
                        <Char UnicodeIndex="100"/>
                        <Char UnicodeIndex="102"/>
                        <Char UnicodeIndex="103"/>
                        <Char UnicodeIndex="104"/>
                        <Char UnicodeIndex="105"/>
                        <Char UnicodeIndex="106"/>
                        <Char UnicodeIndex="107"/>
                        <Char UnicodeIndex="108"/>
                        <Char UnicodeIndex="109"/>
                        <Char UnicodeIndex="110"/>
                        <Char UnicodeIndex="111"/>
                        <Char UnicodeIndex="112"/>
                        <Char UnicodeIndex="113"/>
                        <Char UnicodeIndex="114"/>
                        <Char UnicodeIndex="115"/>
                        <Char UnicodeIndex="116"/>
                        <Char UnicodeIndex="117"/>
                        <Char UnicodeIndex="118"/>
                        <Char UnicodeIndex="119"/>
                        <Char UnicodeIndex="120"/>
                        <Char UnicodeIndex="121"/>
                        <Char UnicodeIndex="122"/>
                </CharSet>
                <CharSet Index="30" Count="50">
                        <Char UnicodeIndex="65"/>
                        <Char UnicodeIndex="66"/>
                        <Char UnicodeIndex="67"/>
                        <Char UnicodeIndex="68"/>
                        <Char UnicodeIndex="69"/>
                        <Char UnicodeIndex="70"/>
                        <Char UnicodeIndex="71"/>
                        <Char UnicodeIndex="72"/>
                        <Char UnicodeIndex="73"/>
                        <Char UnicodeIndex="74"/>
                        <Char UnicodeIndex="75"/>
                        <Char UnicodeIndex="77"/>
                        <Char UnicodeIndex="78"/>
                        <Char UnicodeIndex="79"/>
                        <Char UnicodeIndex="80"/>
                        <Char UnicodeIndex="81"/>
                        <Char UnicodeIndex="82"/>
                        <Char UnicodeIndex="83"/>
                        <Char UnicodeIndex="84"/>
                        <Char UnicodeIndex="85"/>
                        <Char UnicodeIndex="86"/>
                        <Char UnicodeIndex="87"/>
                        <Char UnicodeIndex="88"/>
                        <Char UnicodeIndex="89"/>
                        <Char UnicodeIndex="90"/>
                        <Char UnicodeIndex="97"/>
                        <Char UnicodeIndex="98"/>
                        <Char UnicodeIndex="99"/>
                        <Char UnicodeIndex="100"/>
                        <Char UnicodeIndex="101"/>
                        <Char UnicodeIndex="102"/>
                        <Char UnicodeIndex="103"/>
                        <Char UnicodeIndex="104"/>
                        <Char UnicodeIndex="105"/>
                        <Char UnicodeIndex="106"/>
                        <Char UnicodeIndex="107"/>
                        <Char UnicodeIndex="109"/>
                        <Char UnicodeIndex="110"/>
                        <Char UnicodeIndex="111"/>
                        <Char UnicodeIndex="112"/>
                        <Char UnicodeIndex="113"/>
                        <Char UnicodeIndex="114"/>
                        <Char UnicodeIndex="115"/>
                        <Char UnicodeIndex="116"/>
                        <Char UnicodeIndex="117"/>
                        <Char UnicodeIndex="118"/>
                        <Char UnicodeIndex="119"/>
                        <Char UnicodeIndex="120"/>
                        <Char UnicodeIndex="121"/>
                        <Char UnicodeIndex="122"/>
                </CharSet>
                <CharSet Index="31" Count="50">
                        <Char UnicodeIndex="65"/>
                        <Char UnicodeIndex="66"/>
                        <Char UnicodeIndex="67"/>
                        <Char UnicodeIndex="68"/>
                        <Char UnicodeIndex="69"/>
                        <Char UnicodeIndex="70"/>
                        <Char UnicodeIndex="71"/>
                        <Char UnicodeIndex="72"/>
                        <Char UnicodeIndex="73"/>
                        <Char UnicodeIndex="74"/>
                        <Char UnicodeIndex="75"/>
                        <Char UnicodeIndex="76"/>
                        <Char UnicodeIndex="77"/>
                        <Char UnicodeIndex="78"/>
                        <Char UnicodeIndex="80"/>
                        <Char UnicodeIndex="81"/>
                        <Char UnicodeIndex="82"/>
                        <Char UnicodeIndex="83"/>
                        <Char UnicodeIndex="84"/>
                        <Char UnicodeIndex="85"/>
                        <Char UnicodeIndex="86"/>
                        <Char UnicodeIndex="87"/>
                        <Char UnicodeIndex="88"/>
                        <Char UnicodeIndex="89"/>
                        <Char UnicodeIndex="90"/>
                        <Char UnicodeIndex="97"/>
                        <Char UnicodeIndex="98"/>
                        <Char UnicodeIndex="99"/>
                        <Char UnicodeIndex="100"/>
                        <Char UnicodeIndex="101"/>
                        <Char UnicodeIndex="102"/>
                        <Char UnicodeIndex="103"/>
                        <Char UnicodeIndex="104"/>
                        <Char UnicodeIndex="105"/>
                        <Char UnicodeIndex="106"/>
                        <Char UnicodeIndex="107"/>
                        <Char UnicodeIndex="108"/>
                        <Char UnicodeIndex="109"/>
                        <Char UnicodeIndex="110"/>
                        <Char UnicodeIndex="112"/>
                        <Char UnicodeIndex="113"/>
                        <Char UnicodeIndex="114"/>
                        <Char UnicodeIndex="115"/>
                        <Char UnicodeIndex="116"/>
                        <Char UnicodeIndex="117"/>
                        <Char UnicodeIndex="118"/>
                        <Char UnicodeIndex="119"/>
                        <Char UnicodeIndex="120"/>
                        <Char UnicodeIndex="121"/>
                        <Char UnicodeIndex="122"/>
                </CharSet>
                <CharSet Index="32" Count="2">
                        <Char UnicodeIndex="79"/>
                        <Char UnicodeIndex="111"/>
                </CharSet>
                <CharSet Index="33" Count="50">
                        <Char UnicodeIndex="65"/>
                        <Char UnicodeIndex="66"/>
                        <Char UnicodeIndex="67"/>
                        <Char UnicodeIndex="68"/>
                        <Char UnicodeIndex="69"/>
                        <Char UnicodeIndex="70"/>
                        <Char UnicodeIndex="71"/>
                        <Char UnicodeIndex="72"/>
                        <Char UnicodeIndex="73"/>
                        <Char UnicodeIndex="74"/>
                        <Char UnicodeIndex="75"/>
                        <Char UnicodeIndex="76"/>
                        <Char UnicodeIndex="77"/>
                        <Char UnicodeIndex="78"/>
                        <Char UnicodeIndex="79"/>
                        <Char UnicodeIndex="80"/>
                        <Char UnicodeIndex="81"/>
                        <Char UnicodeIndex="82"/>
                        <Char UnicodeIndex="83"/>
                        <Char UnicodeIndex="85"/>
                        <Char UnicodeIndex="86"/>
                        <Char UnicodeIndex="87"/>
                        <Char UnicodeIndex="88"/>
                        <Char UnicodeIndex="89"/>
                        <Char UnicodeIndex="90"/>
                        <Char UnicodeIndex="97"/>
                        <Char UnicodeIndex="98"/>
                        <Char UnicodeIndex="99"/>
                        <Char UnicodeIndex="100"/>
                        <Char UnicodeIndex="101"/>
                        <Char UnicodeIndex="102"/>
                        <Char UnicodeIndex="103"/>
                        <Char UnicodeIndex="104"/>
                        <Char UnicodeIndex="105"/>
                        <Char UnicodeIndex="106"/>
                        <Char UnicodeIndex="107"/>
                        <Char UnicodeIndex="108"/>
                        <Char UnicodeIndex="109"/>
                        <Char UnicodeIndex="110"/>
                        <Char UnicodeIndex="111"/>
                        <Char UnicodeIndex="112"/>
                        <Char UnicodeIndex="113"/>
                        <Char UnicodeIndex="114"/>
                        <Char UnicodeIndex="115"/>
                        <Char UnicodeIndex="117"/>
                        <Char UnicodeIndex="118"/>
                        <Char UnicodeIndex="119"/>
                        <Char UnicodeIndex="120"/>
                        <Char UnicodeIndex="121"/>
                        <Char UnicodeIndex="122"/>
                </CharSet>
                <CharSet Index="34" Count="2">
                        <Char UnicodeIndex="84"/>
                        <Char UnicodeIndex="116"/>
                </CharSet>
                <CharSet Index="35" Count="48">
                        <Char UnicodeIndex="65"/>
                        <Char UnicodeIndex="66"/>
                        <Char UnicodeIndex="67"/>
                        <Char UnicodeIndex="68"/>
                        <Char UnicodeIndex="69"/>
                        <Char UnicodeIndex="71"/>
                        <Char UnicodeIndex="72"/>
                        <Char UnicodeIndex="73"/>
                        <Char UnicodeIndex="74"/>
                        <Char UnicodeIndex="75"/>
                        <Char UnicodeIndex="76"/>
                        <Char UnicodeIndex="77"/>
                        <Char UnicodeIndex="79"/>
                        <Char UnicodeIndex="80"/>
                        <Char UnicodeIndex="81"/>
                        <Char UnicodeIndex="82"/>
                        <Char UnicodeIndex="83"/>
                        <Char UnicodeIndex="84"/>
                        <Char UnicodeIndex="85"/>
                        <Char UnicodeIndex="86"/>
                        <Char UnicodeIndex="87"/>
                        <Char UnicodeIndex="88"/>
                        <Char UnicodeIndex="89"/>
                        <Char UnicodeIndex="90"/>
                        <Char UnicodeIndex="97"/>
                        <Char UnicodeIndex="98"/>
                        <Char UnicodeIndex="99"/>
                        <Char UnicodeIndex="100"/>
                        <Char UnicodeIndex="101"/>
                        <Char UnicodeIndex="103"/>
                        <Char UnicodeIndex="104"/>
                        <Char UnicodeIndex="105"/>
                        <Char UnicodeIndex="106"/>
                        <Char UnicodeIndex="107"/>
                        <Char UnicodeIndex="108"/>
                        <Char UnicodeIndex="109"/>
                        <Char UnicodeIndex="111"/>
                        <Char UnicodeIndex="112"/>
                        <Char UnicodeIndex="113"/>
                        <Char UnicodeIndex="114"/>
                        <Char UnicodeIndex="115"/>
                        <Char UnicodeIndex="116"/>
                        <Char UnicodeIndex="117"/>
                        <Char UnicodeIndex="118"/>
                        <Char UnicodeIndex="119"/>
                        <Char UnicodeIndex="120"/>
                        <Char UnicodeIndex="121"/>
                        <Char UnicodeIndex="122"/>
                </CharSet>
                <CharSet Index="36" Count="2">
                        <Char UnicodeIndex="78"/>
                        <Char UnicodeIndex="110"/>
                </CharSet>
        </m_CharSet>
        <DFATable Count="33" InitialState="0">
                <DFAState Index="0" EdgeCount="17" AcceptSymbol="-1">
                        <DFAEdge CharSetIndex="0" Target="1"/>
                        <DFAEdge CharSetIndex="1" Target="2"/>
                        <DFAEdge CharSetIndex="2" Target="3"/>
                        <DFAEdge CharSetIndex="3" Target="5"/>
                        <DFAEdge CharSetIndex="4" Target="6"/>
                        <DFAEdge CharSetIndex="5" Target="7"/>
                        <DFAEdge CharSetIndex="6" Target="8"/>
                        <DFAEdge CharSetIndex="7" Target="9"/>
                        <DFAEdge CharSetIndex="8" Target="10"/>
                        <DFAEdge CharSetIndex="9" Target="11"/>
                        <DFAEdge CharSetIndex="10" Target="12"/>
                        <DFAEdge CharSetIndex="11" Target="13"/>
                        <DFAEdge CharSetIndex="12" Target="14"/>
                        <DFAEdge CharSetIndex="13" Target="15"/>
                        <DFAEdge CharSetIndex="14" Target="19"/>
                        <DFAEdge CharSetIndex="15" Target="24"/>
                        <DFAEdge CharSetIndex="16" Target="29"/>
                </DFAState>
                <DFAState Index="1" EdgeCount="1" AcceptSymbol="2">
                        <DFAEdge CharSetIndex="0" Target="1"/>
                </DFAState>
                <DFAState Index="2" EdgeCount="0" AcceptSymbol="3">
                </DFAState>
                <DFAState Index="3" EdgeCount="1" AcceptSymbol="-1">
                        <DFAEdge CharSetIndex="9" Target="4"/>
                </DFAState>
                <DFAState Index="4" EdgeCount="0" AcceptSymbol="4">
                </DFAState>
                <DFAState Index="5" EdgeCount="0" AcceptSymbol="5">
                </DFAState>
                <DFAState Index="6" EdgeCount="0" AcceptSymbol="6">
                </DFAState>
                <DFAState Index="7" EdgeCount="0" AcceptSymbol="7">
                </DFAState>
                <DFAState Index="8" EdgeCount="0" AcceptSymbol="8">
                </DFAState>
                <DFAState Index="9" EdgeCount="0" AcceptSymbol="9">
                </DFAState>
                <DFAState Index="10" EdgeCount="0" AcceptSymbol="10">
                </DFAState>
                <DFAState Index="11" EdgeCount="0" AcceptSymbol="11">
                </DFAState>
                <DFAState Index="12" EdgeCount="0" AcceptSymbol="12">
                </DFAState>
                <DFAState Index="13" EdgeCount="1" AcceptSymbol="14">
                        <DFAEdge CharSetIndex="11" Target="13"/>
                </DFAState>
                <DFAState Index="14" EdgeCount="1" AcceptSymbol="18">
                        <DFAEdge CharSetIndex="17" Target="14"/>
                </DFAState>
                <DFAState Index="15" EdgeCount="2" AcceptSymbol="18">
                        <DFAEdge CharSetIndex="18" Target="14"/>
                        <DFAEdge CharSetIndex="19" Target="16"/>
                </DFAState>
                <DFAState Index="16" EdgeCount="2" AcceptSymbol="18">
                        <DFAEdge CharSetIndex="20" Target="14"/>
                        <DFAEdge CharSetIndex="21" Target="17"/>
                </DFAState>
                <DFAState Index="17" EdgeCount="2" AcceptSymbol="18">
                        <DFAEdge CharSetIndex="22" Target="14"/>
                        <DFAEdge CharSetIndex="23" Target="18"/>
                </DFAState>
                <DFAState Index="18" EdgeCount="1" AcceptSymbol="13">
                        <DFAEdge CharSetIndex="17" Target="14"/>
                </DFAState>
                <DFAState Index="19" EdgeCount="3" AcceptSymbol="18">
                        <DFAEdge CharSetIndex="24" Target="14"/>
                        <DFAEdge CharSetIndex="25" Target="20"/>
                        <DFAEdge CharSetIndex="26" Target="23"/>
                </DFAState>
                <DFAState Index="20" EdgeCount="2" AcceptSymbol="18">
                        <DFAEdge CharSetIndex="27" Target="14"/>
                        <DFAEdge CharSetIndex="28" Target="21"/>
                </DFAState>
                <DFAState Index="21" EdgeCount="2" AcceptSymbol="18">
                        <DFAEdge CharSetIndex="29" Target="14"/>
                        <DFAEdge CharSetIndex="14" Target="22"/>
                </DFAState>
                <DFAState Index="22" EdgeCount="1" AcceptSymbol="15">
                        <DFAEdge CharSetIndex="17" Target="14"/>
                </DFAState>
                <DFAState Index="23" EdgeCount="1" AcceptSymbol="16">
                        <DFAEdge CharSetIndex="17" Target="14"/>
                </DFAState>
                <DFAState Index="24" EdgeCount="2" AcceptSymbol="18">
                        <DFAEdge CharSetIndex="30" Target="14"/>
                        <DFAEdge CharSetIndex="25" Target="25"/>
                </DFAState>
                <DFAState Index="25" EdgeCount="2" AcceptSymbol="18">
                        <DFAEdge CharSetIndex="31" Target="14"/>
                        <DFAEdge CharSetIndex="32" Target="26"/>
                </DFAState>
                <DFAState Index="26" EdgeCount="2" AcceptSymbol="18">
                        <DFAEdge CharSetIndex="20" Target="14"/>
                        <DFAEdge CharSetIndex="21" Target="27"/>
                </DFAState>
                <DFAState Index="27" EdgeCount="2" AcceptSymbol="18">
                        <DFAEdge CharSetIndex="33" Target="14"/>
                        <DFAEdge CharSetIndex="34" Target="28"/>
                </DFAState>
                <DFAState Index="28" EdgeCount="1" AcceptSymbol="17">
                        <DFAEdge CharSetIndex="17" Target="14"/>
                </DFAState>
                <DFAState Index="29" EdgeCount="3" AcceptSymbol="18">
                        <DFAEdge CharSetIndex="35" Target="14"/>
                        <DFAEdge CharSetIndex="15" Target="30"/>
                        <DFAEdge CharSetIndex="36" Target="31"/>
                </DFAState>
                <DFAState Index="30" EdgeCount="1" AcceptSymbol="19">
                        <DFAEdge CharSetIndex="17" Target="14"/>
                </DFAState>
                <DFAState Index="31" EdgeCount="2" AcceptSymbol="18">
                        <DFAEdge CharSetIndex="33" Target="14"/>
                        <DFAEdge CharSetIndex="34" Target="32"/>
                </DFAState>
                <DFAState Index="32" EdgeCount="1" AcceptSymbol="20">
                        <DFAEdge CharSetIndex="17" Target="14"/>
                </DFAState>
        </DFATable>
        <LALRTable Count="59" InitialState="0">
                <LALRState Index="0" ActionCount="9">
                        <LALRAction SymbolIndex="13" Action="1" Value="1"/>
                        <LALRAction SymbolIndex="17" Action="1" Value="2"/>
                        <LALRAction SymbolIndex="18" Action="1" Value="3"/>
                        <LALRAction SymbolIndex="19" Action="1" Value="4"/>
                        <LALRAction SymbolIndex="20" Action="1" Value="5"/>
                        <LALRAction SymbolIndex="21" Action="3" Value="6"/>
                        <LALRAction SymbolIndex="28" Action="3" Value="7"/>
                        <LALRAction SymbolIndex="29" Action="3" Value="8"/>
                        <LALRAction SymbolIndex="0" Action="2" Value="3"/>
                </LALRState>
                <LALRState Index="1" ActionCount="1">
                        <LALRAction SymbolIndex="18" Action="2" Value="6"/>
                </LALRState>
                <LALRState Index="2" ActionCount="1">
                        <LALRAction SymbolIndex="18" Action="2" Value="5"/>
                </LALRState>
                <LALRState Index="3" ActionCount="1">
                        <LALRAction SymbolIndex="11" Action="1" Value="9"/>
                </LALRState>
                <LALRState Index="4" ActionCount="9">
                        <LALRAction SymbolIndex="14" Action="1" Value="10"/>
                        <LALRAction SymbolIndex="18" Action="1" Value="11"/>
                        <LALRAction SymbolIndex="22" Action="3" Value="12"/>
                        <LALRAction SymbolIndex="25" Action="3" Value="13"/>
                        <LALRAction SymbolIndex="26" Action="3" Value="14"/>
                        <LALRAction SymbolIndex="27" Action="3" Value="15"/>
                        <LALRAction SymbolIndex="4" Action="2" Value="20"/>
                        <LALRAction SymbolIndex="12" Action="2" Value="20"/>
                        <LALRAction SymbolIndex="16" Action="2" Value="20"/>
                </LALRState>
                <LALRState Index="5" ActionCount="1">
                        <LALRAction SymbolIndex="18" Action="2" Value="4"/>
                </LALRState>
                <LALRState Index="6" ActionCount="10">
                        <LALRAction SymbolIndex="13" Action="1" Value="1"/>
                        <LALRAction SymbolIndex="17" Action="1" Value="2"/>
                        <LALRAction SymbolIndex="18" Action="1" Value="3"/>
                        <LALRAction SymbolIndex="19" Action="1" Value="4"/>
                        <LALRAction SymbolIndex="20" Action="1" Value="5"/>
                        <LALRAction SymbolIndex="21" Action="3" Value="6"/>
                        <LALRAction SymbolIndex="28" Action="3" Value="16"/>
                        <LALRAction SymbolIndex="29" Action="3" Value="8"/>
                        <LALRAction SymbolIndex="0" Action="2" Value="3"/>
                        <LALRAction SymbolIndex="9" Action="2" Value="3"/>
                </LALRState>
                <LALRState Index="7" ActionCount="1">
                        <LALRAction SymbolIndex="0" Action="4" Value="0"/>
                </LALRState>
                <LALRState Index="8" ActionCount="1">
                        <LALRAction SymbolIndex="18" Action="1" Value="17"/>
                </LALRState>
                <LALRState Index="9" ActionCount="10">
                        <LALRAction SymbolIndex="14" Action="1" Value="10"/>
                        <LALRAction SymbolIndex="18" Action="1" Value="11"/>
                        <LALRAction SymbolIndex="25" Action="3" Value="18"/>
                        <LALRAction SymbolIndex="27" Action="3" Value="15"/>
                        <LALRAction SymbolIndex="0" Action="2" Value="20"/>
                        <LALRAction SymbolIndex="9" Action="2" Value="20"/>
                        <LALRAction SymbolIndex="13" Action="2" Value="20"/>
                        <LALRAction SymbolIndex="17" Action="2" Value="20"/>
                        <LALRAction SymbolIndex="19" Action="2" Value="20"/>
                        <LALRAction SymbolIndex="20" Action="2" Value="20"/>
                </LALRState>
                <LALRState Index="10" ActionCount="13">
                        <LALRAction SymbolIndex="0" Action="2" Value="14"/>
                        <LALRAction SymbolIndex="4" Action="2" Value="14"/>
                        <LALRAction SymbolIndex="5" Action="2" Value="14"/>
                        <LALRAction SymbolIndex="7" Action="2" Value="14"/>
                        <LALRAction SymbolIndex="8" Action="2" Value="14"/>
                        <LALRAction SymbolIndex="9" Action="2" Value="14"/>
                        <LALRAction SymbolIndex="12" Action="2" Value="14"/>
                        <LALRAction SymbolIndex="13" Action="2" Value="14"/>
                        <LALRAction SymbolIndex="16" Action="2" Value="14"/>
                        <LALRAction SymbolIndex="17" Action="2" Value="14"/>
                        <LALRAction SymbolIndex="18" Action="2" Value="14"/>
                        <LALRAction SymbolIndex="19" Action="2" Value="14"/>
                        <LALRAction SymbolIndex="20" Action="2" Value="14"/>
                </LALRState>
                <LALRState Index="11" ActionCount="16">
                        <LALRAction SymbolIndex="3" Action="1" Value="19"/>
                        <LALRAction SymbolIndex="6" Action="1" Value="20"/>
                        <LALRAction SymbolIndex="10" Action="1" Value="21"/>
                        <LALRAction SymbolIndex="0" Action="2" Value="15"/>
                        <LALRAction SymbolIndex="4" Action="2" Value="15"/>
                        <LALRAction SymbolIndex="5" Action="2" Value="15"/>
                        <LALRAction SymbolIndex="7" Action="2" Value="15"/>
                        <LALRAction SymbolIndex="8" Action="2" Value="15"/>
                        <LALRAction SymbolIndex="9" Action="2" Value="15"/>
                        <LALRAction SymbolIndex="12" Action="2" Value="15"/>
                        <LALRAction SymbolIndex="13" Action="2" Value="15"/>
                        <LALRAction SymbolIndex="16" Action="2" Value="15"/>
                        <LALRAction SymbolIndex="17" Action="2" Value="15"/>
                        <LALRAction SymbolIndex="18" Action="2" Value="15"/>
                        <LALRAction SymbolIndex="19" Action="2" Value="15"/>
                        <LALRAction SymbolIndex="20" Action="2" Value="15"/>
                </LALRState>
                <LALRState Index="12" ActionCount="3">
                        <LALRAction SymbolIndex="5" Action="1" Value="22"/>
                        <LALRAction SymbolIndex="8" Action="1" Value="23"/>
                        <LALRAction SymbolIndex="7" Action="2" Value="23"/>
                </LALRState>
                <LALRState Index="13" ActionCount="3">
                        <LALRAction SymbolIndex="4" Action="1" Value="24"/>
                        <LALRAction SymbolIndex="12" Action="1" Value="25"/>
                        <LALRAction SymbolIndex="16" Action="1" Value="26"/>
                </LALRState>
                <LALRState Index="14" ActionCount="1">
                        <LALRAction SymbolIndex="7" Action="1" Value="27"/>
                </LALRState>
                <LALRState Index="15" ActionCount="13">
                        <LALRAction SymbolIndex="0" Action="2" Value="16"/>
                        <LALRAction SymbolIndex="4" Action="2" Value="16"/>
                        <LALRAction SymbolIndex="5" Action="2" Value="16"/>
                        <LALRAction SymbolIndex="7" Action="2" Value="16"/>
                        <LALRAction SymbolIndex="8" Action="2" Value="16"/>
                        <LALRAction SymbolIndex="9" Action="2" Value="16"/>
                        <LALRAction SymbolIndex="12" Action="2" Value="16"/>
                        <LALRAction SymbolIndex="13" Action="2" Value="16"/>
                        <LALRAction SymbolIndex="16" Action="2" Value="16"/>
                        <LALRAction SymbolIndex="17" Action="2" Value="16"/>
                        <LALRAction SymbolIndex="18" Action="2" Value="16"/>
                        <LALRAction SymbolIndex="19" Action="2" Value="16"/>
                        <LALRAction SymbolIndex="20" Action="2" Value="16"/>
                </LALRState>
                <LALRState Index="16" ActionCount="2">
                        <LALRAction SymbolIndex="0" Action="2" Value="2"/>
                        <LALRAction SymbolIndex="9" Action="2" Value="2"/>
                </LALRState>
                <LALRState Index="17" ActionCount="10">
                        <LALRAction SymbolIndex="13" Action="1" Value="1"/>
                        <LALRAction SymbolIndex="17" Action="1" Value="2"/>
                        <LALRAction SymbolIndex="18" Action="1" Value="3"/>
                        <LALRAction SymbolIndex="19" Action="1" Value="4"/>
                        <LALRAction SymbolIndex="20" Action="1" Value="5"/>
                        <LALRAction SymbolIndex="21" Action="3" Value="6"/>
                        <LALRAction SymbolIndex="28" Action="3" Value="28"/>
                        <LALRAction SymbolIndex="29" Action="3" Value="8"/>
                        <LALRAction SymbolIndex="0" Action="2" Value="3"/>
                        <LALRAction SymbolIndex="9" Action="2" Value="3"/>
                </LALRState>
                <LALRState Index="18" ActionCount="7">
                        <LALRAction SymbolIndex="0" Action="2" Value="13"/>
                        <LALRAction SymbolIndex="9" Action="2" Value="13"/>
                        <LALRAction SymbolIndex="13" Action="2" Value="13"/>
                        <LALRAction SymbolIndex="17" Action="2" Value="13"/>
                        <LALRAction SymbolIndex="18" Action="2" Value="13"/>
                        <LALRAction SymbolIndex="19" Action="2" Value="13"/>
                        <LALRAction SymbolIndex="20" Action="2" Value="13"/>
                </LALRState>
                <LALRState Index="19" ActionCount="16">
                        <LALRAction SymbolIndex="14" Action="1" Value="10"/>
                        <LALRAction SymbolIndex="18" Action="1" Value="11"/>
                        <LALRAction SymbolIndex="25" Action="3" Value="29"/>
                        <LALRAction SymbolIndex="27" Action="3" Value="15"/>
                        <LALRAction SymbolIndex="0" Action="2" Value="20"/>
                        <LALRAction SymbolIndex="4" Action="2" Value="20"/>
                        <LALRAction SymbolIndex="5" Action="2" Value="20"/>
                        <LALRAction SymbolIndex="7" Action="2" Value="20"/>
                        <LALRAction SymbolIndex="8" Action="2" Value="20"/>
                        <LALRAction SymbolIndex="9" Action="2" Value="20"/>
                        <LALRAction SymbolIndex="12" Action="2" Value="20"/>
                        <LALRAction SymbolIndex="13" Action="2" Value="20"/>
                        <LALRAction SymbolIndex="16" Action="2" Value="20"/>
                        <LALRAction SymbolIndex="17" Action="2" Value="20"/>
                        <LALRAction SymbolIndex="19" Action="2" Value="20"/>
                        <LALRAction SymbolIndex="20" Action="2" Value="20"/>
                </LALRState>
                <LALRState Index="20" ActionCount="16">
                        <LALRAction SymbolIndex="14" Action="1" Value="10"/>
                        <LALRAction SymbolIndex="18" Action="1" Value="11"/>
                        <LALRAction SymbolIndex="25" Action="3" Value="30"/>
                        <LALRAction SymbolIndex="27" Action="3" Value="15"/>
                        <LALRAction SymbolIndex="0" Action="2" Value="20"/>
                        <LALRAction SymbolIndex="4" Action="2" Value="20"/>
                        <LALRAction SymbolIndex="5" Action="2" Value="20"/>
                        <LALRAction SymbolIndex="7" Action="2" Value="20"/>
                        <LALRAction SymbolIndex="8" Action="2" Value="20"/>
                        <LALRAction SymbolIndex="9" Action="2" Value="20"/>
                        <LALRAction SymbolIndex="12" Action="2" Value="20"/>
                        <LALRAction SymbolIndex="13" Action="2" Value="20"/>
                        <LALRAction SymbolIndex="16" Action="2" Value="20"/>
                        <LALRAction SymbolIndex="17" Action="2" Value="20"/>
                        <LALRAction SymbolIndex="19" Action="2" Value="20"/>
                        <LALRAction SymbolIndex="20" Action="2" Value="20"/>
                </LALRState>
                <LALRState Index="21" ActionCount="16">
                        <LALRAction SymbolIndex="14" Action="1" Value="10"/>
                        <LALRAction SymbolIndex="18" Action="1" Value="11"/>
                        <LALRAction SymbolIndex="25" Action="3" Value="31"/>
                        <LALRAction SymbolIndex="27" Action="3" Value="15"/>
                        <LALRAction SymbolIndex="0" Action="2" Value="20"/>
                        <LALRAction SymbolIndex="4" Action="2" Value="20"/>
                        <LALRAction SymbolIndex="5" Action="2" Value="20"/>
                        <LALRAction SymbolIndex="7" Action="2" Value="20"/>
                        <LALRAction SymbolIndex="8" Action="2" Value="20"/>
                        <LALRAction SymbolIndex="9" Action="2" Value="20"/>
                        <LALRAction SymbolIndex="12" Action="2" Value="20"/>
                        <LALRAction SymbolIndex="13" Action="2" Value="20"/>
                        <LALRAction SymbolIndex="16" Action="2" Value="20"/>
                        <LALRAction SymbolIndex="17" Action="2" Value="20"/>
                        <LALRAction SymbolIndex="19" Action="2" Value="20"/>
                        <LALRAction SymbolIndex="20" Action="2" Value="20"/>
                </LALRState>
                <LALRState Index="22" ActionCount="8">
                        <LALRAction SymbolIndex="14" Action="1" Value="10"/>
                        <LALRAction SymbolIndex="18" Action="1" Value="11"/>
                        <LALRAction SymbolIndex="22" Action="3" Value="32"/>
                        <LALRAction SymbolIndex="25" Action="3" Value="13"/>
                        <LALRAction SymbolIndex="27" Action="3" Value="15"/>
                        <LALRAction SymbolIndex="4" Action="2" Value="20"/>
                        <LALRAction SymbolIndex="12" Action="2" Value="20"/>
                        <LALRAction SymbolIndex="16" Action="2" Value="20"/>
                </LALRState>
                <LALRState Index="23" ActionCount="8">
                        <LALRAction SymbolIndex="14" Action="1" Value="10"/>
                        <LALRAction SymbolIndex="18" Action="1" Value="11"/>
                        <LALRAction SymbolIndex="22" Action="3" Value="33"/>
                        <LALRAction SymbolIndex="25" Action="3" Value="13"/>
                        <LALRAction SymbolIndex="27" Action="3" Value="15"/>
                        <LALRAction SymbolIndex="4" Action="2" Value="20"/>
                        <LALRAction SymbolIndex="12" Action="2" Value="20"/>
                        <LALRAction SymbolIndex="16" Action="2" Value="20"/>
                </LALRState>
                <LALRState Index="24" ActionCount="7">
                        <LALRAction SymbolIndex="14" Action="1" Value="10"/>
                        <LALRAction SymbolIndex="18" Action="1" Value="11"/>
                        <LALRAction SymbolIndex="25" Action="3" Value="34"/>
                        <LALRAction SymbolIndex="27" Action="3" Value="15"/>
                        <LALRAction SymbolIndex="5" Action="2" Value="20"/>
                        <LALRAction SymbolIndex="7" Action="2" Value="20"/>
                        <LALRAction SymbolIndex="8" Action="2" Value="20"/>
                </LALRState>
                <LALRState Index="25" ActionCount="7">
                        <LALRAction SymbolIndex="14" Action="1" Value="10"/>
                        <LALRAction SymbolIndex="18" Action="1" Value="11"/>
                        <LALRAction SymbolIndex="25" Action="3" Value="35"/>
                        <LALRAction SymbolIndex="27" Action="3" Value="15"/>
                        <LALRAction SymbolIndex="5" Action="2" Value="20"/>
                        <LALRAction SymbolIndex="7" Action="2" Value="20"/>
                        <LALRAction SymbolIndex="8" Action="2" Value="20"/>
                </LALRState>
                <LALRState Index="26" ActionCount="7">
                        <LALRAction SymbolIndex="14" Action="1" Value="10"/>
                        <LALRAction SymbolIndex="18" Action="1" Value="11"/>
                        <LALRAction SymbolIndex="25" Action="3" Value="36"/>
                        <LALRAction SymbolIndex="27" Action="3" Value="15"/>
                        <LALRAction SymbolIndex="5" Action="2" Value="20"/>
                        <LALRAction SymbolIndex="7" Action="2" Value="20"/>
                        <LALRAction SymbolIndex="8" Action="2" Value="20"/>
                </LALRState>
                <LALRState Index="27" ActionCount="10">
                        <LALRAction SymbolIndex="13" Action="1" Value="1"/>
                        <LALRAction SymbolIndex="17" Action="1" Value="2"/>
                        <LALRAction SymbolIndex="18" Action="1" Value="37"/>
                        <LALRAction SymbolIndex="19" Action="1" Value="38"/>
                        <LALRAction SymbolIndex="20" Action="1" Value="5"/>
                        <LALRAction SymbolIndex="21" Action="3" Value="39"/>
                        <LALRAction SymbolIndex="23" Action="3" Value="40"/>
                        <LALRAction SymbolIndex="27" Action="3" Value="41"/>
                        <LALRAction SymbolIndex="29" Action="3" Value="42"/>
                        <LALRAction SymbolIndex="9" Action="2" Value="20"/>
                </LALRState>
                <LALRState Index="28" ActionCount="2">
                        <LALRAction SymbolIndex="0" Action="2" Value="0"/>
                        <LALRAction SymbolIndex="9" Action="2" Value="0"/>
                </LALRState>
                <LALRState Index="29" ActionCount="13">
                        <LALRAction SymbolIndex="0" Action="2" Value="18"/>
                        <LALRAction SymbolIndex="4" Action="2" Value="18"/>
                        <LALRAction SymbolIndex="5" Action="2" Value="18"/>
                        <LALRAction SymbolIndex="7" Action="2" Value="18"/>
                        <LALRAction SymbolIndex="8" Action="2" Value="18"/>
                        <LALRAction SymbolIndex="9" Action="2" Value="18"/>
                        <LALRAction SymbolIndex="12" Action="2" Value="18"/>
                        <LALRAction SymbolIndex="13" Action="2" Value="18"/>
                        <LALRAction SymbolIndex="16" Action="2" Value="18"/>
                        <LALRAction SymbolIndex="17" Action="2" Value="18"/>
                        <LALRAction SymbolIndex="18" Action="2" Value="18"/>
                        <LALRAction SymbolIndex="19" Action="2" Value="18"/>
                        <LALRAction SymbolIndex="20" Action="2" Value="18"/>
                </LALRState>
                <LALRState Index="30" ActionCount="13">
                        <LALRAction SymbolIndex="0" Action="2" Value="19"/>
                        <LALRAction SymbolIndex="4" Action="2" Value="19"/>
                        <LALRAction SymbolIndex="5" Action="2" Value="19"/>
                        <LALRAction SymbolIndex="7" Action="2" Value="19"/>
                        <LALRAction SymbolIndex="8" Action="2" Value="19"/>
                        <LALRAction SymbolIndex="9" Action="2" Value="19"/>
                        <LALRAction SymbolIndex="12" Action="2" Value="19"/>
                        <LALRAction SymbolIndex="13" Action="2" Value="19"/>
                        <LALRAction SymbolIndex="16" Action="2" Value="19"/>
                        <LALRAction SymbolIndex="17" Action="2" Value="19"/>
                        <LALRAction SymbolIndex="18" Action="2" Value="19"/>
                        <LALRAction SymbolIndex="19" Action="2" Value="19"/>
                        <LALRAction SymbolIndex="20" Action="2" Value="19"/>
                </LALRState>
                <LALRState Index="31" ActionCount="13">
                        <LALRAction SymbolIndex="0" Action="2" Value="17"/>
                        <LALRAction SymbolIndex="4" Action="2" Value="17"/>
                        <LALRAction SymbolIndex="5" Action="2" Value="17"/>
                        <LALRAction SymbolIndex="7" Action="2" Value="17"/>
                        <LALRAction SymbolIndex="8" Action="2" Value="17"/>
                        <LALRAction SymbolIndex="9" Action="2" Value="17"/>
                        <LALRAction SymbolIndex="12" Action="2" Value="17"/>
                        <LALRAction SymbolIndex="13" Action="2" Value="17"/>
                        <LALRAction SymbolIndex="16" Action="2" Value="17"/>
                        <LALRAction SymbolIndex="17" Action="2" Value="17"/>
                        <LALRAction SymbolIndex="18" Action="2" Value="17"/>
                        <LALRAction SymbolIndex="19" Action="2" Value="17"/>
                        <LALRAction SymbolIndex="20" Action="2" Value="17"/>
                </LALRState>
                <LALRState Index="32" ActionCount="1">
                        <LALRAction SymbolIndex="7" Action="2" Value="21"/>
                </LALRState>
                <LALRState Index="33" ActionCount="1">
                        <LALRAction SymbolIndex="7" Action="2" Value="22"/>
                </LALRState>
                <LALRState Index="34" ActionCount="3">
                        <LALRAction SymbolIndex="5" Action="2" Value="26"/>
                        <LALRAction SymbolIndex="7" Action="2" Value="26"/>
                        <LALRAction SymbolIndex="8" Action="2" Value="26"/>
                </LALRState>
                <LALRState Index="35" ActionCount="3">
                        <LALRAction SymbolIndex="5" Action="2" Value="24"/>
                        <LALRAction SymbolIndex="7" Action="2" Value="24"/>
                        <LALRAction SymbolIndex="8" Action="2" Value="24"/>
                </LALRState>
                <LALRState Index="36" ActionCount="3">
                        <LALRAction SymbolIndex="5" Action="2" Value="25"/>
                        <LALRAction SymbolIndex="7" Action="2" Value="25"/>
                        <LALRAction SymbolIndex="8" Action="2" Value="25"/>
                </LALRState>
                <LALRState Index="37" ActionCount="4">
                        <LALRAction SymbolIndex="3" Action="1" Value="19"/>
                        <LALRAction SymbolIndex="6" Action="1" Value="20"/>
                        <LALRAction SymbolIndex="10" Action="1" Value="21"/>
                        <LALRAction SymbolIndex="11" Action="1" Value="9"/>
                </LALRState>
                <LALRState Index="38" ActionCount="9">
                        <LALRAction SymbolIndex="14" Action="1" Value="10"/>
                        <LALRAction SymbolIndex="18" Action="1" Value="11"/>
                        <LALRAction SymbolIndex="22" Action="3" Value="12"/>
                        <LALRAction SymbolIndex="25" Action="3" Value="13"/>
                        <LALRAction SymbolIndex="26" Action="3" Value="43"/>
                        <LALRAction SymbolIndex="27" Action="3" Value="15"/>
                        <LALRAction SymbolIndex="4" Action="2" Value="20"/>
                        <LALRAction SymbolIndex="12" Action="2" Value="20"/>
                        <LALRAction SymbolIndex="16" Action="2" Value="20"/>
                </LALRState>
                <LALRState Index="39" ActionCount="9">
                        <LALRAction SymbolIndex="13" Action="1" Value="1"/>
                        <LALRAction SymbolIndex="17" Action="1" Value="2"/>
                        <LALRAction SymbolIndex="18" Action="1" Value="3"/>
                        <LALRAction SymbolIndex="19" Action="1" Value="4"/>
                        <LALRAction SymbolIndex="20" Action="1" Value="5"/>
                        <LALRAction SymbolIndex="21" Action="3" Value="6"/>
                        <LALRAction SymbolIndex="28" Action="3" Value="44"/>
                        <LALRAction SymbolIndex="29" Action="3" Value="8"/>
                        <LALRAction SymbolIndex="9" Action="2" Value="3"/>
                </LALRState>
                <LALRState Index="40" ActionCount="1">
                        <LALRAction SymbolIndex="9" Action="1" Value="45"/>
                </LALRState>
                <LALRState Index="41" ActionCount="9">
                        <LALRAction SymbolIndex="13" Action="1" Value="1"/>
                        <LALRAction SymbolIndex="17" Action="1" Value="2"/>
                        <LALRAction SymbolIndex="18" Action="1" Value="3"/>
                        <LALRAction SymbolIndex="19" Action="1" Value="4"/>
                        <LALRAction SymbolIndex="20" Action="1" Value="5"/>
                        <LALRAction SymbolIndex="21" Action="3" Value="6"/>
                        <LALRAction SymbolIndex="28" Action="3" Value="46"/>
                        <LALRAction SymbolIndex="29" Action="3" Value="8"/>
                        <LALRAction SymbolIndex="9" Action="2" Value="3"/>
                </LALRState>
                <LALRState Index="42" ActionCount="1">
                        <LALRAction SymbolIndex="18" Action="1" Value="47"/>
                </LALRState>
                <LALRState Index="43" ActionCount="1">
                        <LALRAction SymbolIndex="7" Action="1" Value="48"/>
                </LALRState>
                <LALRState Index="44" ActionCount="1">
                        <LALRAction SymbolIndex="9" Action="2" Value="9"/>
                </LALRState>
                <LALRState Index="45" ActionCount="9">
                        <LALRAction SymbolIndex="15" Action="1" Value="49"/>
                        <LALRAction SymbolIndex="24" Action="3" Value="50"/>
                        <LALRAction SymbolIndex="0" Action="2" Value="8"/>
                        <LALRAction SymbolIndex="9" Action="2" Value="8"/>
                        <LALRAction SymbolIndex="13" Action="2" Value="8"/>
                        <LALRAction SymbolIndex="17" Action="2" Value="8"/>
                        <LALRAction SymbolIndex="18" Action="2" Value="8"/>
                        <LALRAction SymbolIndex="19" Action="2" Value="8"/>
                        <LALRAction SymbolIndex="20" Action="2" Value="8"/>
                </LALRState>
                <LALRState Index="46" ActionCount="1">
                        <LALRAction SymbolIndex="9" Action="2" Value="11"/>
                </LALRState>
                <LALRState Index="47" ActionCount="9">
                        <LALRAction SymbolIndex="13" Action="1" Value="1"/>
                        <LALRAction SymbolIndex="17" Action="1" Value="2"/>
                        <LALRAction SymbolIndex="18" Action="1" Value="3"/>
                        <LALRAction SymbolIndex="19" Action="1" Value="4"/>
                        <LALRAction SymbolIndex="20" Action="1" Value="5"/>
                        <LALRAction SymbolIndex="21" Action="3" Value="6"/>
                        <LALRAction SymbolIndex="28" Action="3" Value="51"/>
                        <LALRAction SymbolIndex="29" Action="3" Value="8"/>
                        <LALRAction SymbolIndex="9" Action="2" Value="3"/>
                </LALRState>
                <LALRState Index="48" ActionCount="10">
                        <LALRAction SymbolIndex="13" Action="1" Value="1"/>
                        <LALRAction SymbolIndex="17" Action="1" Value="2"/>
                        <LALRAction SymbolIndex="18" Action="1" Value="37"/>
                        <LALRAction SymbolIndex="19" Action="1" Value="38"/>
                        <LALRAction SymbolIndex="20" Action="1" Value="5"/>
                        <LALRAction SymbolIndex="21" Action="3" Value="39"/>
                        <LALRAction SymbolIndex="23" Action="3" Value="52"/>
                        <LALRAction SymbolIndex="27" Action="3" Value="41"/>
                        <LALRAction SymbolIndex="29" Action="3" Value="42"/>
                        <LALRAction SymbolIndex="9" Action="2" Value="20"/>
                </LALRState>
                <LALRState Index="49" ActionCount="1">
                        <LALRAction SymbolIndex="7" Action="1" Value="53"/>
                </LALRState>
                <LALRState Index="50" ActionCount="10">
                        <LALRAction SymbolIndex="13" Action="1" Value="1"/>
                        <LALRAction SymbolIndex="17" Action="1" Value="2"/>
                        <LALRAction SymbolIndex="18" Action="1" Value="3"/>
                        <LALRAction SymbolIndex="19" Action="1" Value="4"/>
                        <LALRAction SymbolIndex="20" Action="1" Value="5"/>
                        <LALRAction SymbolIndex="21" Action="3" Value="6"/>
                        <LALRAction SymbolIndex="28" Action="3" Value="54"/>
                        <LALRAction SymbolIndex="29" Action="3" Value="8"/>
                        <LALRAction SymbolIndex="0" Action="2" Value="3"/>
                        <LALRAction SymbolIndex="9" Action="2" Value="3"/>
                </LALRState>
                <LALRState Index="51" ActionCount="1">
                        <LALRAction SymbolIndex="9" Action="2" Value="10"/>
                </LALRState>
                <LALRState Index="52" ActionCount="1">
                        <LALRAction SymbolIndex="9" Action="1" Value="55"/>
                </LALRState>
                <LALRState Index="53" ActionCount="10">
                        <LALRAction SymbolIndex="13" Action="1" Value="1"/>
                        <LALRAction SymbolIndex="17" Action="1" Value="2"/>
                        <LALRAction SymbolIndex="18" Action="1" Value="37"/>
                        <LALRAction SymbolIndex="19" Action="1" Value="38"/>
                        <LALRAction SymbolIndex="20" Action="1" Value="5"/>
                        <LALRAction SymbolIndex="21" Action="3" Value="39"/>
                        <LALRAction SymbolIndex="23" Action="3" Value="56"/>
                        <LALRAction SymbolIndex="27" Action="3" Value="41"/>
                        <LALRAction SymbolIndex="29" Action="3" Value="42"/>
                        <LALRAction SymbolIndex="9" Action="2" Value="20"/>
                </LALRState>
                <LALRState Index="54" ActionCount="2">
                        <LALRAction SymbolIndex="0" Action="2" Value="1"/>
                        <LALRAction SymbolIndex="9" Action="2" Value="1"/>
                </LALRState>
                <LALRState Index="55" ActionCount="9">
                        <LALRAction SymbolIndex="13" Action="1" Value="1"/>
                        <LALRAction SymbolIndex="17" Action="1" Value="2"/>
                        <LALRAction SymbolIndex="18" Action="1" Value="3"/>
                        <LALRAction SymbolIndex="19" Action="1" Value="4"/>
                        <LALRAction SymbolIndex="20" Action="1" Value="5"/>
                        <LALRAction SymbolIndex="21" Action="3" Value="6"/>
                        <LALRAction SymbolIndex="28" Action="3" Value="57"/>
                        <LALRAction SymbolIndex="29" Action="3" Value="8"/>
                        <LALRAction SymbolIndex="9" Action="2" Value="3"/>
                </LALRState>
                <LALRState Index="56" ActionCount="1">
                        <LALRAction SymbolIndex="9" Action="1" Value="58"/>
                </LALRState>
                <LALRState Index="57" ActionCount="1">
                        <LALRAction SymbolIndex="9" Action="2" Value="12"/>
                </LALRState>
                <LALRState Index="58" ActionCount="7">
                        <LALRAction SymbolIndex="0" Action="2" Value="7"/>
                        <LALRAction SymbolIndex="9" Action="2" Value="7"/>
                        <LALRAction SymbolIndex="13" Action="2" Value="7"/>
                        <LALRAction SymbolIndex="17" Action="2" Value="7"/>
                        <LALRAction SymbolIndex="18" Action="2" Value="7"/>
                        <LALRAction SymbolIndex="19" Action="2" Value="7"/>
                        <LALRAction SymbolIndex="20" Action="2" Value="7"/>
                </LALRState>
        </LALRTable>
</Tables>